{
  "model": "FT-Transformer",
  "accelerator": "cpu",
  "cv": {
    "fold_accuracies": [
      0.9163982205859794,
      0.9113360944930204,
      0.9119496855345912,
      0.9179196072414851,
      0.9093280147284443
    ],
    "fold_f1s": [
      0.914321647539695,
      0.907431133888533,
      0.9094065656565656,
      0.9177049684663898,
      0.9086412119338383
    ],
    "fold_aucs": [
      0.9711866660044712,
      0.9723525578333524,
      0.9700900780792509,
      0.9742279837366168,
      0.9711417415087726
    ],
    "mean_accuracy": 0.913386324516704,
    "std_accuracy": 0.0032360291484268213,
    "mean_f1": 0.9115011054970044,
    "std_f1": 0.003887779067464725,
    "mean_auc": 0.9717998054324928,
    "std_auc": 0.0014095205427091014
  }
}