{
  "model": "TabNet",
  "device": "cpu",
  "cv": {
    "fold_accuracies": [
      0.9079613437643811,
      0.9010584445467096,
      0.9044331952753489,
      0.907793801779687,
      0.9005830009205278
    ],
    "fold_f1s": [
      0.9070631970260223,
      0.9002628730477811,
      0.9015331120594279,
      0.9051002684351808,
      0.9004302397049785
    ],
    "fold_aucs": [
      0.9676536776295874,
      0.9670235691812528,
      0.9659005910093388,
      0.9678974895723508,
      0.9676847006462154
    ],
    "mean_accuracy": 0.9043659572573308,
    "std_accuracy": 0.0031601215841379595,
    "mean_f1": 0.9028779380546782,
    "std_f1": 0.002723728846131452,
    "mean_auc": 0.967232005607749,
    "std_auc": 0.0007268726952838214
  }
}